csvname_clean,filename_clean
12_JobSearch,12_JobSearch
Electric Circuits,Electric Circuits
28_CarPollution,28_CarPollution
Alzheimer's_Family,Alzheimer's_Family
Microbes - Advanced_c5cbea4e-07be-4ba9-ae07-02a348c5fb02,Microbes - Advanced_c5cbea4e-07be-4ba9-ae07-02a348c5fb02
14_ComputerVirus,14_ComputerVirus
Caus_EffectsOfExercising,Caus_EffectsOfExercising
Source F - Locavore,Source F - Locavore
23_InternetShopping,23_InternetShopping
CP_B,CP_B
Ecological Pyramids - aka Energy and Trophic Levels,Ecological Pyramids - aka Energy and Trophic Levels
Light Dependent Reactions,Light Dependent Reactions
2_ChildSeats,2_ChildSeats
Matter and Energy,Matter and Energy
Maintaining a Balance,Maintaining a Balance
15_PatientRights,15_PatientRights
Com_Hurricanes,Com_Hurricanes
Autotrophs and Heterotrophs,Autotrophs and Heterotrophs
GW_A,GW_A
Sex Determination,Sex Determination
Q33,Q33
Source B - Locavore,Source B - Locavore
Q41,Q41
3_HealthyBaby,3_HealthyBaby
Flow of Heat and Equilibrium,Flow of Heat and Equilibrium
Yosemite_Services,Yosemite_Services
CPS_Law and Government,CPS_Law and Government
Source A - Locavore,Source A - Locavore
9_911,9_911
26_Hurricanes,26_Hurricanes
5_FireworksDanger,5_FireworksDanger
7_SkinCancer,7_SkinCancer
Q31,Q31
Cellular Respiration,Cellular Respiration
Inherited behaviors,Inherited behaviors
Structure of the Plasma Membrane,Structure of the Plasma Membrane
set1_3,set1_3
Caus_JobMarket,Caus_JobMarket
11_CivilService,11_CivilService
GW_D,GW_D
Sun exposure sources,Sun exposure sources
Q35,Q35
Team Player_Working,Team Player_Working
The Cells - Advanced_4797bb89-ccfb-42e7-8ceb-e06f4d3cb7f5,The Cells - Advanced_4797bb89-ccfb-42e7-8ceb-e06f4d3cb7f5
The Eye - Advanced_6eb0be74-c99c-4bd5-93fb-6c712471e619,The Eye - Advanced_6eb0be74-c99c-4bd5-93fb-6c712471e619
Source D - GreenLiving,Source D - GreenLiving
Polygenic Inheritance,Polygenic Inheritance
Com_Running&Walking,Com_Running&Walking
Source C - Locavore,Source C - Locavore
Chemistry of Life - Advanced_d7b15a5e-57ea-4d24-880f-5c0e66e4a328,Chemistry of Life - Advanced_d7b15a5e-57ea-4d24-880f-5c0e66e4a328
Caus_Diabetes,Caus_Diabetes
GW_B,GW_B
Heart Disease SE Task,Heart Disease SE Task
CP_C,CP_C
set1_1,set1_1
4_ChildSafety,4_ChildSafety
Covalent Bonds,Covalent Bonds
Q39,Q39
25_Google,25_Google
Chemical and Physical  Changes,Chemical and Physical  Changes
Newton's Third Law of Motion,Newton's Third Law of Motion
Q37,Q37
"Water, Carbon, and Nitrogen Cycles","Water, Carbon, and Nitrogen Cycles"
set2_2,set2_2
set1_4,set1_4
29_Biosphere,29_Biosphere
Source F - GreenLiving,Source F - GreenLiving
1_BodyScans,1_BodyScans
DNA - Advanced_3b74e6a7-2330-4394-a8ce-ffc01810d91a,DNA - Advanced_3b74e6a7-2330-4394-a8ce-ffc01810d91a
6_Smoking,6_Smoking
Source C - GreenLiving,Source C - GreenLiving
The Structure of DNA,The Structure of DNA
24_Hybrids,24_Hybrids
set2_3,set2_3
Source E - Locavore,Source E - Locavore
8_OrganDonation,8_OrganDonation
Biological Classification,Biological Classification
Acids and Bases and PH,Acids and Bases and PH
set1_2,set1_2
30_GlobalWarming,30_GlobalWarming
Changes of State,Changes of State
Abiotic and Biotic Factors in the Environment,Abiotic and Biotic Factors in the Environment
Caus_Floods,Caus_Floods
Down Payment_Housing,Down Payment_Housing
10_Internet,10_Internet
set2_4,set2_4
Low Air Fares_Money,Low Air Fares_Money
Incomplete dominance,Incomplete dominance
21_CheckCashing,21_CheckCashing
Com_Butterfly&Moth,Com_Butterfly&Moth
Law of Conservation of Energy,Law of Conservation of Energy
Source A - GreenLiving,Source A - GreenLiving
CP_A,CP_A
Source B - GreenLiving,Source B - GreenLiving
set2_1,set2_1
Free lunch_Family,Free lunch_Family
CP_D,CP_D
GW_C,GW_C
Food Webs - Easy_fb410417-58c9-4ec8-93f4-2e51bed70d21,Food Webs - Easy_fb410417-58c9-4ec8-93f4-2e51bed70d21
Red Blood Cells SE Task,Red Blood Cells SE Task
20_Disabilities,20_Disabilities
Photosynthesis and Respiration,Photosynthesis and Respiration
17_Crimes,17_Crimes
CivilService,11_CivilService
Hybrids,24_Hybrids.txt
sun_exposure,Sun exposure sources
ChemicalPhysicalChanges,Chemical and Physical  Changes
GreenLivingB,Source B - GreenLiving
AutotrophsHeterotrophs,Autotrophs and Heterotrophs
GreenLivingF,Source F - GreenLiving
JobSearch,12_JobSearch
LocavoreE,Source E - Locavore
CellularRespiration,Cellular Respiration
DownPayment,Down Payment_Housing
ChemistryLife - Advanced_d7b15a5e-57ea-4d24-880f-5c0e66e4a328,Chemistry of Life - Advanced_d7b15a5e-57ea-4d24-880f-5c0e66e4a328
GreenLivingD,Source D - GreenLiving
Effectsofexercising,Caus_EffectsOfExercising
Alzheimers_Family,Alzheimer's_Family
GlobalWarming,30_GlobalWarming
CovalentBonds,Covalent Bonds
GreenLivingA,Source A - GreenLiving
BiologicalClassification,Biological Classification
Google,25_Google
LocavoreC,Source C - Locavore
conservationofenergy,Law of Conservation of Energy
EcologicalPyramids,Ecological Pyramids - aka Energy and Trophic Levels
CheckCashing,21_CheckCashing
AbioticBioticFactors in the Environment,Abiotic and Biotic Factors in the Environment
CarPollution,28_CarPollution
Computer Virus,14_ComputerVirus
Disabilities,20_Disabilities
911,9_911
ChangesState,Changes of State
GreenLivingC,Source C - GreenLiving
LocavoreA,Source A - Locavore
InternetShopping,23_InternetShopping
HealthyBaby,3_HealthyBaby
Crimes,17_Crimes
SkinCancer,7_SkinCancer
Biosphere,29_Biosphere
PatientRights,15_PatientRights
Hurricanes,Com_Hurricanes
ChildSeats,2_ChildSeats
BodyScans,1_BodyScans
LocavoreB,Source B - Locavore
FireworksDanger,5_FireworksDanger
OrganDonation,8_OrganDonation
one-child policy2,set2_1
Internet,10_Internet
LocavoreF,Source F - Locavore
AcidsBases and PH,Acids and Bases and PH
ChildSafety,4_ChildSafety
Smoking,6_Smoking
gun control2,set2_2
death penalty2,set2_3
cell phones2,set2_4
ElectricCircutis,Electric Circuits
